epoch,train_loss,train_f1,eval_loss,eval_f1,duration
1,0.6942800129282061,0.49714779670237674,0.69326265335083,0.48500835561497335,0:09:07.835968
2,0.6895987453131841,0.6271535377259794,0.6745471811294556,0.6188602941176471,0:08:00.267581
3,0.6691711719693808,0.6801043453925342,0.6223865294456483,0.7063845254010693,0:08:05.160623
4,0.6386171872245856,0.7198422983972215,0.6064317083358765,0.7023220254010695,0:08:04.492683
5,0.6075511667235142,0.7447595178063275,0.5923231482505799,0.717182486631016,0:07:54.827315
6,0.5859229636603387,0.7648632354787409,0.5841259574890136,0.719954044117647,0:08:02.668321
7,0.5583089446199352,0.7889856696727491,0.585987014770508,0.7220930815508022,0:08:04.549868
8,0.5399423665527641,0.8082995061935053,0.5908798766136169,0.7149949866310161,0:08:01.884828
